<application>
  <component name="ExportableFileTemplateSettings">
    <default_templates>
      <template name="New Feature.kt" file-name="/domain/${NAME}UseCase.kt" reformat="true" live-template-enabled="false">
        <template name="New Feature.kt.child.0.kt" file-name="/models/${NAME}State" reformat="true" live-template-enabled="false" />
        <template name="New Feature.kt.child.1.kt" file-name="/api/${NAME}Api" reformat="true" live-template-enabled="false" />
        <template name="New Feature.kt.child.2.kt" file-name="/api/${NAME}Service" reformat="true" live-template-enabled="false" />
        <template name="New Feature.kt.child.3.kt" file-name="/models/${NAME}Response" reformat="true" live-template-enabled="false" />
        <template name="New Feature.kt.child.4.kt" file-name="/di/${NAME}Module" reformat="true" live-template-enabled="false" />
        <template name="New Feature.kt.child.5.kt" file-name="/models/${NAME}Request" reformat="true" live-template-enabled="false" />
        <template name="New Feature.kt.child.6.kt" file-name="/di/${NAME}Bindings" reformat="true" live-template-enabled="false" />
        <template name="New Feature.kt.child.7.kt" file-name="/vm/${NAME}ViewModel" reformat="true" live-template-enabled="false" />
        <template name="New Feature.kt.child.8.kt" file-name="/models/${NAME}RequestDto" reformat="true" live-template-enabled="false" />
        <template name="New Feature.kt.child.9.kt" file-name="/view/${NAME}Fragment" reformat="true" live-template-enabled="false" />
      </template>
      <template name="New Feature.kt.child.0.kt" file-name="/models/${NAME}State" reformat="true" live-template-enabled="false" />
      <template name="New Feature.kt.child.1.kt" file-name="/api/${NAME}Api" reformat="true" live-template-enabled="false" />
      <template name="New Feature.kt.child.2.kt" file-name="/api/${NAME}Service" reformat="true" live-template-enabled="false" />
      <template name="New Feature.kt.child.3.kt" file-name="/models/${NAME}Response" reformat="true" live-template-enabled="false" />
      <template name="New Feature.kt.child.4.kt" file-name="/di/${NAME}Module" reformat="true" live-template-enabled="false" />
      <template name="New Feature.kt.child.5.kt" file-name="/models/${NAME}Request" reformat="true" live-template-enabled="false" />
      <template name="New Feature.kt.child.6.kt" file-name="/di/${NAME}Bindings" reformat="true" live-template-enabled="false" />
      <template name="New Feature.kt.child.7.kt" file-name="/vm/${NAME}ViewModel" reformat="true" live-template-enabled="false" />
      <template name="New Feature.kt.child.8.kt" file-name="/models/${NAME}RequestDto" reformat="true" live-template-enabled="false" />
      <template name="New Feature.kt.child.9.kt" file-name="/view/${NAME}Fragment" reformat="true" live-template-enabled="false" />
    </default_templates>
  </component>
</application>